skills,career
Python SQL Pandas NumPy,Data Analyst
Python SQL Pandas NumPy Machine Learning Scikit-learn,Data Scientist
Python Machine Learning Scikit-learn TensorFlow PyTorch Docker Git,Machine Learning Engineer
Python Machine Learning Deep Learning Natural Language Processing TensorFlow PyTorch FastAPI,AI Engineer
Python FastAPI SQL PostgreSQL REST API Git Docker,Backend Developer
HTML CSS JavaScript React Node.js SQL Git REST API,Full Stack Developer
HTML CSS JavaScript React Git REST API,Frontend Developer
Python SQL Pandas,Data Analyst
Python SQL NumPy Pandas,Data Analyst
Python SQL Machine Learning Pandas Scikit-learn,Data Scientist
Python Machine Learning Scikit-learn Docker Git,Machine Learning Engineer
Python Deep Learning NLP TensorFlow PyTorch,AI Engineer
Python FastAPI PostgreSQL REST API,Backend Developer
HTML CSS JavaScript React Node.js,Full Stack Developer
HTML CSS JavaScript React,Frontend Developer
Python SQL Pandas NumPy Scikit-learn,Data Scientist
Python Machine Learning TensorFlow PyTorch Docker,Machine Learning Engineer
Python NLP Deep Learning PyTorch FastAPI,AI Engineer
Python FastAPI PostgreSQL Docker Git,Backend Developer
HTML CSS JavaScript React Node.js Git,Full Stack Developer
HTML CSS JavaScript React Git,Frontend Developer
Python SQL Pandas NumPy,Data Analyst
Python SQL Machine Learning Scikit-learn,Data Scientist
Python Machine Learning TensorFlow Docker Git,Machine Learning Engineer
Python Deep Learning NLP TensorFlow FastAPI,AI Engineer
Python FastAPI SQL REST API Docker,Backend Developer
HTML CSS JavaScript React Node.js SQL,Full Stack Developer
HTML CSS JavaScript React,Frontend Developer
